Quarter Final,1998,61985,1.8
Final,1993,52487,4.0
Quarter Final,2001,88581,5.5
16th,1998,31173,3.6
32nd,1982,60911,2.4
16th,2015,32854,3.8
Final,2002,48536,5.3
Final,1983,80454,5.7
Final,1989,77673,2.8
16th,1991,32920,6.5
Semi Final,1988,47385,9.5
Final,1989,87519,4.1
Final,2013,40675,8.5
16th,1996,44334,9.6
16th,1995,32986,3.2
Semi Final,1994,80434,9.7
16th,1982,37384,8.1
16th,2000,89104,6.2
16th,2011,83754,2.7
32nd,1985,40630,5.6
Semi Final,2004,78896,9.4
Final,1989,31079,6.3
16th,1989,22488,7.8
32nd,1990,89134,7.2
16th,1988,71328,1.9
Semi Final,1982,89643,3.3
Semi Final,2003,60094,1.1
Quarter Final,1995,88550,8.2
32nd,1991,81997,4.1
16th,1984,65843,4.5
Final,1995,24506,2.3
32nd,1988,69165,7.0
16th,2015,83473,8.9
Quarter Final,1981,25800,6.9
32nd,1999,27174,6.0
Semi Final,1987,71349,3.1
Quarter Final,1985,69656,2.1
Semi Final,2001,29667,5.2
Quarter Final,2009,55058,2.6
32nd,1990,70450,2.3
Final,2006,77917,9.5
Final,1991,43351,7.1
32nd,2003,55576,9.2
Final,1996,32525,2.6
Final,1982,80331,5.4
Final,1983,30661,8.2
32nd,2014,34442,3.1
Final,1989,64906,5.2
32nd,2008,43344,7.4
Quarter Final,1996,42386,4.7
16th,2000,42790,5.4
32nd,2014,23996,2.4
Final,2003,52528,5.6
Quarter Final,2000,57509,6.0
16th,1984,59276,5.8
Semi Final,1980,25011,7.2
Final,1995,34940,4.7
32nd,2004,38481,8.4
16th,2002,44925,3.5
Semi Final,2013,63931,8.2
32nd,2003,45782,3.7
Quarter Final,2001,42448,4.7
Semi Final,1987,57584,6.2
Final,1990,44908,7.7
Semi Final,1983,49462,5.9
Quarter Final,1982,71260,9.7
32nd,1994,50449,7.1
Quarter Final,2008,34655,1.8
32nd,2008,58156,2.9
Semi Final,1991,84128,6.9
Final,1989,76221,8.4
Quarter Final,2003,27063,7.3
Quarter Final,2010,21844,8.1
16th,1998,39540,7.6
Quarter Final,1997,77496,6.2
Final,1993,49732,9.4
Semi Final,1985,20386,9.1
Semi Final,2009,21488,5.4
Quarter Final,1988,32205,3.2
16th,1991,52842,7.1
Quarter Final,2006,21938,3.7
Semi Final,1986,33419,8.6
16th,2009,26259,5.3
Quarter Final,1991,24674,7.8
Semi Final,1990,41041,3.4
32nd,1981,38956,1.1
16th,2005,87037,1.1
Final,2008,22950,4.5
32nd,1991,24854,3.6
16th,1980,80179,8.8
Semi Final,1996,33733,4.7
32nd,1995,63333,3.1
32nd,1990,66389,7.6
Semi Final,1984,67331,2.3
32nd,1990,74187,4.7
16th,1988,67284,4.8
32nd,1990,36589,9.1
Semi Final,2010,78330,5.5
Quarter Final,1980,40753,9.5
Quarter Final,1998,79929,7.6
32nd,2010,40172,6.8
32nd,2014,22289,3.5
Final,1992,64635,7.7
Quarter Final,2007,59875,4.7
32nd,2012,71459,3.9
Final,2009,31356,2.2
Final,1992,48971,6.3
Quarter Final,2006,53498,9.1
Quarter Final,2011,74525,5.0
16th,1998,35780,2.6
Final,2013,79632,4.2
32nd,2006,70192,9.3
Quarter Final,1992,87050,1.4
Final,2013,54191,4.5
Semi Final,1989,61238,8.9
32nd,1986,31193,8.4
Final,2004,70898,9.7
16th,2013,88857,2.0
16th,1997,26867,4.9
Semi Final,1996,30318,5.8
Semi Final,1994,40450,4.5
Semi Final,2013,73378,5.4
Quarter Final,1986,85779,6.9
Semi Final,2012,49730,8.8
Final,1987,46089,1.1
Final,2013,63529,2.1
32nd,2008,55809,2.4
16th,2009,46320,1.1
16th,2002,39382,7.9
Quarter Final,2003,68464,4.7
16th,1991,21204,7.9
Semi Final,2000,67902,6.8
16th,1990,35890,6.3
Semi Final,2014,34621,8.3
32nd,1985,85973,2.3
16th,2011,24856,6.2
Quarter Final,1992,21288,8.6
Quarter Final,2007,77129,9.7
32nd,2003,89530,1.5
32nd,1991,82228,6.8
32nd,2014,52146,3.9
32nd,1992,27565,8.9
Quarter Final,1996,22662,7.2
Final,1998,57437,3.1
Final,2006,64262,3.1
Final,1997,21289,9.1
Quarter Final,1982,67120,8.3
Quarter Final,1992,45905,9.1
Final,1984,77119,7.1
32nd,2003,39776,5.7
16th,2007,41005,5.6
Final,1997,87051,2.4
Final,1990,80419,5.2
32nd,2005,47536,9.9
32nd,1997,47027,2.2
Semi Final,2013,69132,3.0
16th,1988,49210,2.0
Quarter Final,2001,53101,2.5
Final,2003,69262,8.9
16th,2007,31880,7.3
Semi Final,2012,30649,3.6
32nd,2012,37835,9.3
Quarter Final,1981,50554,3.6
Quarter Final,2006,22482,6.8
32nd,1995,47755,6.3
Semi Final,2007,80401,2.4
Semi Final,2001,24733,6.6
Semi Final,2015,56446,2.7
Final,1997,63067,8.1
Quarter Final,1999,46367,6.5
16th,2014,82048,5.2
16th,1994,20243,9.5
Semi Final,2011,47342,3.3
Quarter Final,2000,69109,7.5
32nd,1999,64545,5.3
32nd,1999,74847,3.3
Semi Final,1998,57824,9.8
32nd,1981,56795,9.6
Final,1999,84186,6.0
Quarter Final,2011,57987,1.1
32nd,2015,31799,5.9
32nd,1990,83123,5.7
Semi Final,1982,86347,8.7
Final,2015,83911,1.1
16th,2009,56512,5.9
32nd,2000,63095,2.9
Quarter Final,1999,32401,4.8
16th,2007,42024,4.3
Semi Final,2012,29694,4.4
16th,2004,89648,5.6
Semi Final,2003,41834,3.6
Final,2013,43894,1.1
Quarter Final,1998,68737,9.2
16th,1992,20331,5.4
Semi Final,1998,26982,6.1
Final,1981,29732,8.8
16th,2010,76072,6.0
16th,1984,77514,1.5
Quarter Final,2006,66058,4.7
Semi Final,2008,79971,3.4
16th,2006,46628,9.1
32nd,2014,72692,5.2
Final,1992,69733,2.1
16th,1989,80257,8.4
32nd,1989,74803,3.4
16th,2010,32893,4.0
Final,2009,86713,4.1
Quarter Final,1995,48327,4.1
32nd,1986,70711,7.8
16th,1988,72133,7.7
Quarter Final,1981,88344,6.4
Semi Final,2004,85764,7.0
Quarter Final,2012,21615,1.6
32nd,2014,88701,7.1
Semi Final,1988,21272,8.7
Final,2006,82870,8.1
16th,1985,73159,1.5
Final,1998,68621,5.0
Semi Final,1986,63069,5.7
32nd,2005,28883,5.8
16th,1996,76305,4.6
32nd,2010,71366,1.1
Final,1997,81106,4.9
Semi Final,1983,41253,7.2
32nd,1985,49431,2.7
Quarter Final,2013,84295,8.9
Semi Final,1989,75164,4.9
Quarter Final,1997,38997,3.0
Final,1996,26755,1.7
32nd,2004,76432,4.1
16th,2009,86039,4.2
Quarter Final,2012,73318,7.2
Quarter Final,1980,27110,5.3
Final,2005,38870,8.9
16th,1988,36678,3.6
32nd,2005,25072,9.6
16th,2007,43346,1.7
Semi Final,2015,26619,8.9
Semi Final,1992,82426,6.5
Quarter Final,2011,88798,4.1
Final,1990,53298,1.2
Quarter Final,2006,24549,9.3
16th,1988,62837,1.6
Final,2013,26247,1.1
16th,1999,72807,6.9
Final,2005,80675,2.7
32nd,2002,36449,2.2
32nd,2007,83274,9.6
16th,1983,38882,5.1
Semi Final,2012,48871,5.0
Final,2003,41658,7.9
Semi Final,2011,83024,7.4
Final,2000,73944,5.4
Semi Final,1993,38557,4.4
32nd,2003,26055,7.9
Final,1988,84101,7.5
Final,2010,49604,1.2
Quarter Final,1991,77218,2.4
Final,2001,41901,6.0
16th,1991,80845,5.7
32nd,1988,29513,2.5
16th,1994,39959,5.4
Quarter Final,1991,32465,9.4
Semi Final,1999,53379,9.0
16th,2008,87349,9.6
Quarter Final,1991,63141,2.0
Quarter Final,2012,23626,3.8
Quarter Final,2013,25944,6.0
Quarter Final,1981,86951,5.1
Final,2011,42022,9.3
Semi Final,1983,41408,5.4
Quarter Final,2004,63593,3.0
Semi Final,1997,55634,6.4
Quarter Final,2002,70773,3.3
16th,1992,57465,6.7
Final,2006,27827,9.7
16th,1986,86357,5.8
Quarter Final,1981,44102,6.0
32nd,1991,72594,5.8
Final,2009,40616,8.6
Final,2010,33818,9.4
32nd,1999,59467,2.0
Quarter Final,2007,82469,8.6
Quarter Final,2014,59141,9.2
32nd,1981,83210,9.2
Final,1995,33812,7.7
Quarter Final,1997,72964,8.5
Quarter Final,1995,33889,7.8
16th,2001,76705,9.5
Final,2001,82472,9.7
Quarter Final,1996,34134,8.8
16th,2005,55201,4.1
32nd,1982,36636,9.8
32nd,1989,50530,9.6
32nd,1993,82791,2.6
Quarter Final,1985,72297,8.8
16th,1995,44128,8.2
Quarter Final,2007,30354,8.0
Final,1994,51468,9.3
Quarter Final,2014,39084,5.3
Quarter Final,2014,86484,1.9
Final,1988,76490,5.1
16th,1986,62562,3.6
32nd,1991,21371,4.5
Final,1989,52374,3.5
Quarter Final,2014,33117,3.3
Quarter Final,2001,77643,5.8
Semi Final,1987,81248,3.3
Quarter Final,1988,27706,9.4
Semi Final,1982,88239,7.5
Quarter Final,1993,81222,3.1
Semi Final,2014,56338,8.5
Final,1981,70650,6.9
Final,1997,57296,1.7
16th,1997,36481,8.2
32nd,1981,71357,6.7
32nd,2008,34684,4.4
32nd,1980,85542,4.5
Semi Final,2006,70870,2.8
Semi Final,1983,21220,5.5
32nd,2013,58493,6.2
Final,1980,32270,5.0
Semi Final,2011,50348,8.9
16th,1994,58917,8.2
Semi Final,1996,23436,5.0
16th,1996,51897,3.7
Final,1988,31268,2.8
16th,1981,49430,9.0
Final,2008,82396,9.9
Final,1981,23688,3.1
32nd,1984,82723,8.7
32nd,2003,75094,8.7
Final,2007,79259,7.8
32nd,2005,89196,8.3
16th,1983,47084,1.2
Semi Final,1986,55572,4.9
16th,1981,85981,5.3
Quarter Final,1980,22623,7.8
Semi Final,2006,86976,2.4
16th,1990,79531,1.0
Final,1990,58483,3.9
Quarter Final,2015,53779,6.5
Semi Final,2009,57132,1.8
16th,1996,27806,4.7
Semi Final,2001,42614,7.8
Semi Final,2004,58616,8.0
16th,1996,44590,4.7
Final,2007,30080,1.8
16th,2008,71341,4.5
Final,2000,74933,4.0
32nd,1985,47041,1.7
32nd,2009,46521,6.1
16th,2012,38264,1.7
16th,1986,73757,4.7
32nd,2000,62079,9.5
Quarter Final,2014,37354,1.7
16th,2001,78240,5.8
16th,1994,42106,3.9
16th,2005,63338,4.7
16th,1986,23919,3.4
Semi Final,2009,21296,9.9
Final,1987,60088,2.4
Final,1998,32002,2.3
32nd,2004,81899,2.7
32nd,2000,36467,9.8
Semi Final,1981,83117,4.4
Final,1981,49571,8.8
16th,2006,73797,7.1
Quarter Final,1995,32183,1.9
Final,1987,33277,6.8
16th,1982,80948,7.8
Quarter Final,1983,43868,2.5
Quarter Final,1995,84840,10.0
Final,2005,59361,4.8
32nd,1995,89544,9.5
Quarter Final,2012,86010,5.1
Final,1983,62446,5.4
16th,2009,29654,1.6
Final,1989,61838,3.1
16th,1998,43129,4.9
Semi Final,1983,24186,2.5
Semi Final,1988,88779,9.1
32nd,1982,42649,2.8
16th,1990,47199,8.6
Semi Final,1998,25834,3.6
16th,1991,71482,1.6
16th,2000,29903,7.8
Final,1995,44694,7.8
Final,2004,84459,1.9
Semi Final,2011,45745,1.9
16th,1983,27326,4.8
32nd,2006,37442,4.2
32nd,2006,60643,4.0
Quarter Final,1981,85461,2.8
32nd,2006,24833,5.6
32nd,2015,73877,6.5
Final,2012,77879,5.8
16th,2009,85049,3.6
Quarter Final,1992,64646,8.2
Final,2015,89808,6.2
Final,2003,47138,5.6
32nd,2001,61492,9.3
Final,1988,35512,1.8
Quarter Final,2000,43697,8.4
16th,2013,42116,9.7
32nd,1990,71022,1.1
Final,1991,44631,7.6
Final,2000,28282,8.8
Semi Final,1996,33294,2.0
32nd,1986,20863,2.7
Final,1997,59130,4.3
Quarter Final,1983,21154,7.1
16th,1990,79040,8.7
Quarter Final,1994,53608,8.2
Final,2010,70378,6.2
Quarter Final,2009,21877,2.2
32nd,1991,23722,5.8
16th,2012,61594,3.6
16th,2006,43500,2.2
Quarter Final,1996,20783,9.9
Final,1991,62239,4.1
32nd,1995,53686,6.6
32nd,1980,36377,9.2
Final,1994,75142,7.3
16th,1989,88758,7.1
Semi Final,2000,56286,8.9
Quarter Final,1992,58270,1.9
16th,1992,33679,6.4
Quarter Final,1984,55140,7.6
Semi Final,1983,77892,8.1
32nd,1999,57222,3.2
Quarter Final,1987,47673,9.3
Quarter Final,2015,33797,2.3
Quarter Final,1982,47577,9.7
Semi Final,1997,60628,6.5
16th,2014,49856,6.7
Final,2005,40161,2.8
32nd,2004,20704,3.1
Semi Final,2001,48508,1.1
Quarter Final,1992,50890,1.3
16th,2002,23146,8.8
16th,2001,25122,3.9
Quarter Final,2003,47240,3.0
Semi Final,1992,62704,1.9
16th,1982,26770,9.8
16th,2006,22089,5.4
Semi Final,1980,56500,6.4
16th,2012,50178,8.0
Semi Final,1989,58646,1.0
Final,1990,49931,8.4
Quarter Final,2003,55800,3.3
Quarter Final,1990,80134,5.4
16th,2015,51656,6.2
Semi Final,2011,20060,3.1
16th,2009,52872,8.1
16th,2012,25796,5.2
Semi Final,1994,23063,4.0
16th,1981,20537,2.9
16th,1982,69117,1.7
32nd,1989,43384,9.4
Final,1994,57018,2.4
Semi Final,1982,26296,2.2
32nd,1989,36746,2.2
16th,1994,57211,8.6
Quarter Final,1986,27867,2.9
Final,1994,48585,2.7
32nd,1993,38815,3.6
32nd,1980,83585,8.2
32nd,1998,84589,8.1
Quarter Final,2014,36962,4.7
16th,2010,61601,5.3
Quarter Final,1987,83597,2.8
16th,1990,47529,4.6
Semi Final,2005,67827,5.2
Quarter Final,1985,43342,3.2
Final,2012,30799,1.2
16th,2005,67349,9.1
16th,1983,79758,6.5
Semi Final,1991,46991,1.1
Final,2003,21200,3.3
16th,1989,71018,8.9
Semi Final,2014,82812,2.4
16th,1984,79432,6.5
32nd,1982,25493,3.1
Semi Final,2010,70581,1.7
Semi Final,1987,44114,2.1
16th,1989,75515,3.3
Semi Final,1992,54655,2.6
32nd,2013,23545,5.8
Semi Final,1991,37787,9.3
16th,2011,43200,4.4
Final,1980,84997,3.2
32nd,1983,89471,1.0
Semi Final,2014,43846,8.1
16th,1983,20606,9.7
32nd,1994,43251,5.5
Final,1996,55586,8.0
Semi Final,2012,38899,7.1
Final,1988,84159,6.7
Semi Final,1994,31988,9.6
Semi Final,2010,80991,3.2
16th,1980,78869,2.7
16th,1988,27876,1.4
Quarter Final,2010,74953,7.0
Final,2003,27561,9.7
Quarter Final,2004,35278,7.1
Semi Final,2014,75380,1.6
16th,2002,48248,9.4
Quarter Final,2001,50477,6.2
32nd,2010,50222,9.6
32nd,2007,72607,5.9
32nd,1993,37006,6.5
Final,1992,66888,9.3
Final,1987,48238,4.4
32nd,2014,38073,1.5
16th,2014,81868,8.0
Final,1990,34037,9.8
Semi Final,1986,39917,7.1
Quarter Final,1994,42753,5.9
Quarter Final,2004,27853,3.3
Semi Final,1980,32426,1.6
Semi Final,2005,87188,2.6
32nd,2010,88199,9.4
16th,2012,40172,4.9
Semi Final,1988,64993,1.9
Final,1987,50516,2.0
16th,2000,47531,2.5
Semi Final,1997,80543,1.6
Final,2007,38948,2.8
Semi Final,1980,55395,4.7
Quarter Final,1981,86804,5.0
16th,1983,70584,7.5
Final,1992,20907,1.2
Semi Final,2014,41343,3.6
Semi Final,2007,88014,8.0
Final,2000,79518,5.3
16th,2001,25735,4.1
32nd,1980,79241,3.8
Semi Final,2013,87765,4.2
Semi Final,1984,55317,7.8
32nd,1983,42739,3.3
Semi Final,1997,54063,8.0
32nd,2014,81065,2.3
Quarter Final,2004,29027,6.2
Quarter Final,1981,46043,8.9
Semi Final,1983,87897,9.4
32nd,1987,31750,2.2
Final,1995,59785,2.7
Quarter Final,2004,47336,7.5
32nd,2001,64138,3.0
Quarter Final,1987,23269,5.9
Final,1992,26759,3.1
Semi Final,2002,43832,8.1
Semi Final,1991,36285,2.1
Quarter Final,1982,27429,7.3
Semi Final,1990,83006,3.8
16th,1992,86022,4.3
Final,2001,49905,2.9
Quarter Final,1994,65709,8.5
Semi Final,2015,37776,8.7
16th,1995,44072,5.9
32nd,2010,69884,8.9
16th,1983,76833,4.7
Semi Final,1996,20414,6.6
16th,1988,59315,8.5
Final,2002,89628,7.5
Semi Final,1988,54782,3.7
Quarter Final,1986,88019,4.2
16th,1989,64092,2.9
Semi Final,1996,88541,3.7
16th,1980,28509,9.0
Final,1990,42182,9.2
Quarter Final,2011,50326,2.5
32nd,2006,81866,6.9
Final,1989,85462,8.7
16th,2004,84200,9.6
32nd,2012,21452,8.8
16th,2014,39009,4.5
16th,1982,20638,4.7
16th,1999,31859,1.2
Semi Final,2001,58103,7.1
Final,1981,24979,8.5
32nd,2011,42270,5.5
Quarter Final,1996,34142,4.1
Quarter Final,2005,70908,2.6
Final,2012,57317,4.0
Semi Final,1995,49773,5.6
Quarter Final,1983,37546,4.4
Final,1990,31157,8.8
Quarter Final,2002,26792,6.5
Semi Final,2006,45843,3.2
Semi Final,1984,34676,3.8
Final,1987,73781,4.0
16th,1989,86865,2.5
Quarter Final,1980,86034,8.0
Quarter Final,2013,63681,7.0
32nd,1981,34452,4.1
32nd,2002,89472,7.7
16th,2014,58407,6.9
32nd,2004,26512,4.9
16th,1986,27772,9.6
32nd,1993,48133,5.7
32nd,2004,83499,2.6
Quarter Final,2013,60783,1.6
Final,2001,70278,4.1
Final,1982,29935,8.8
16th,2007,76856,7.2
32nd,2014,34665,2.8
32nd,1988,53327,5.8
32nd,1980,36124,6.6
Semi Final,2003,89688,8.8
32nd,1997,89511,5.0
Quarter Final,1999,56540,7.4
Quarter Final,2010,42044,3.6
Final,1992,33094,1.9
32nd,1983,59221,1.1
Quarter Final,1998,35035,8.2
16th,1992,35271,8.6
Final,2005,59054,3.7
Semi Final,1985,28976,9.1
Final,2002,83923,4.0
Semi Final,1984,50033,6.9
Final,2008,29483,8.1
16th,1996,71535,5.8
Final,2002,32815,6.9
16th,2014,50866,3.2
Final,2004,76234,7.6
Quarter Final,2000,79091,5.8
Quarter Final,1991,71990,5.0
32nd,1986,46635,9.9
Final,1995,66293,6.4
Final,1990,45018,3.6
Final,1994,64098,1.9
16th,1999,23276,1.6
Semi Final,2003,40450,2.5
32nd,2007,80481,7.0
16th,2000,71233,7.2
Final,1996,26149,1.9
Final,2010,23233,4.6
Quarter Final,1981,61643,3.1
Quarter Final,1992,86357,5.1
Quarter Final,2010,60795,5.6
Semi Final,2012,87073,9.8
32nd,1994,75053,4.5
Final,1984,81279,4.4
Final,2000,63356,1.3
Quarter Final,2009,55927,4.2
Quarter Final,1995,23471,4.6
Quarter Final,2000,58258,1.4
32nd,2015,67972,3.3
Semi Final,1998,72256,7.9
Final,1991,49089,3.3
16th,2009,23587,4.6
Final,2005,55740,1.3
Quarter Final,1993,54458,7.7
16th,2012,53401,6.3
32nd,1986,51526,6.8
32nd,2004,67208,8.6
16th,1984,48547,5.8
Quarter Final,2006,43674,2.9
16th,1990,20023,2.2
32nd,1998,63349,8.1
Semi Final,2012,67897,5.3
Quarter Final,1999,38089,4.5
Final,2004,85129,1.5
Semi Final,1991,48653,3.4
16th,1995,84781,6.9
Final,2010,69224,2.0
Final,1994,51793,2.7
32nd,1992,77794,9.2
Final,2005,38742,1.2
16th,1996,49966,9.0
16th,1999,28005,10.0
16th,1990,66396,1.1
32nd,2010,28255,9.5
Final,1996,48799,7.6
Semi Final,1982,21729,2.0
16th,1985,36132,8.3
32nd,2009,77813,6.6
Quarter Final,2011,37261,7.7
16th,2013,24669,6.0
Final,2014,77261,8.0
Quarter Final,2004,60675,6.5
16th,2003,70127,1.7
Semi Final,2013,30445,7.1
32nd,2010,72170,8.8
Final,1986,64463,5.5
16th,1985,73889,9.2
32nd,2013,41978,2.6
Semi Final,1997,66992,3.0
32nd,1981,49538,8.4
16th,1989,62785,3.9
Quarter Final,1984,87834,7.6
Quarter Final,1994,71246,7.0
Final,2004,81037,6.5
16th,1983,74236,3.2
32nd,1985,80539,4.1
32nd,1989,76774,4.0
Final,1993,83233,7.5
32nd,2001,35696,2.6
32nd,1993,89594,9.1
16th,2001,55049,10.0
Quarter Final,2015,58092,5.0
Final,1988,30573,4.0
Semi Final,1998,57566,3.5
32nd,2013,55861,5.4
32nd,1991,87742,4.1
Semi Final,2001,41006,8.3
Semi Final,1980,22485,6.4
16th,1993,58687,2.0
Quarter Final,1987,56291,8.4
Semi Final,2000,51714,7.2
Semi Final,2010,34373,5.1
Semi Final,2012,27461,5.1
Final,1995,50770,7.0
Semi Final,2007,57744,4.4
16th,2003,22242,8.3
Final,1997,81213,5.1
Semi Final,1988,56375,1.6
Semi Final,1998,79446,6.8
32nd,1990,27485,8.0
Final,1985,82765,9.3
Quarter Final,2010,38628,1.6
32nd,2011,59367,2.6
Final,2012,43625,5.1
Final,2010,24847,8.0
Semi Final,1985,69040,4.5
32nd,2008,66401,3.5
Final,1996,20260,5.1
Quarter Final,1997,84321,1.6
Semi Final,1995,28786,5.6
Quarter Final,2004,60013,9.8
Semi Final,1980,54411,4.5
Semi Final,2010,33391,1.8
Final,1989,74679,4.8
Quarter Final,1997,81524,2.1
Quarter Final,1992,69116,1.7
Quarter Final,2002,66937,6.9
Semi Final,2001,63944,7.2
16th,1991,54809,3.8
Semi Final,2012,23758,6.8
Semi Final,1998,82833,8.7
Semi Final,1998,21706,9.5
Semi Final,2015,67882,6.2
32nd,2013,73516,6.6
16th,2003,69504,7.1
Final,1983,81244,5.3
32nd,1988,48776,6.5
Semi Final,2001,32017,2.0
Quarter Final,1987,31749,7.7
Semi Final,1997,58687,6.5
Quarter Final,2005,82601,6.0
16th,1983,50308,5.8
Final,2011,34795,2.5
Quarter Final,2004,72482,5.1
Final,1980,43881,3.5
32nd,2010,31354,3.3
32nd,2000,68695,7.5
Quarter Final,1990,33931,5.0
Semi Final,2001,32872,5.2
32nd,2014,78475,6.2
Quarter Final,2015,50156,2.8
Final,1988,81007,6.5
32nd,2000,85881,1.9
32nd,2007,25639,8.5
Quarter Final,1989,58538,2.5
32nd,1987,37808,4.1
32nd,2007,28957,6.9
Final,2012,84851,7.4
16th,1999,84177,7.4
Quarter Final,2013,87736,7.0
16th,1981,24745,2.6
Semi Final,1995,31926,4.3
Final,1999,67616,7.6
16th,2012,37931,6.2
32nd,1983,74013,5.5
Final,1995,30429,8.0
16th,1996,53971,2.6
16th,1987,37095,1.2
Quarter Final,1999,78231,9.0
Quarter Final,1983,82486,6.4
Final,1984,53230,3.2
Semi Final,2015,35139,6.2
Quarter Final,2002,56723,8.1
32nd,2009,72201,2.4
Quarter Final,1998,25314,2.4
Quarter Final,1994,46430,2.0
Final,1990,68869,9.5
Quarter Final,2014,49928,6.2
Semi Final,1980,35776,9.3
16th,1999,55939,2.4
Quarter Final,2015,74885,6.2
Semi Final,1991,89788,8.4
Final,2006,58462,6.9
Semi Final,1998,61655,9.8
16th,1980,72945,1.9
16th,1981,46451,3.6
Quarter Final,1994,46933,8.1
16th,1992,32829,4.0
Semi Final,1983,31629,7.2
Quarter Final,2007,60944,7.9
Quarter Final,2002,30425,9.5
Final,2010,30257,9.4
Quarter Final,1995,30768,6.4
Quarter Final,1991,65304,7.9
Quarter Final,1987,34624,6.6
32nd,1986,21528,8.5
16th,1981,56760,2.9
Semi Final,1996,29716,4.6
32nd,1992,28509,2.4
32nd,2000,82661,2.3
16th,1981,41907,3.6
16th,1993,59411,8.6
32nd,2008,49521,4.2
Semi Final,1998,75265,7.5
16th,1999,72649,3.1
Quarter Final,2004,82850,8.8
16th,1994,69529,5.8
Final,2004,76625,2.8
Quarter Final,2011,33311,4.2
32nd,1986,22120,5.7
32nd,2004,26999,9.4
Semi Final,1989,64717,9.6
32nd,1995,70947,2.0
16th,2003,32938,3.5
16th,2011,43601,2.0
Final,1990,81234,1.7
16th,2004,36636,7.1
Quarter Final,2002,25035,4.0
Semi Final,2010,37696,8.6
16th,1986,84154,7.1
16th,2009,38084,6.0
Semi Final,1993,83174,1.1
32nd,1986,60405,4.4
Final,2000,25758,9.6
Quarter Final,1996,26999,4.8
Final,1991,35094,4.2
32nd,2008,55598,7.3
Semi Final,2012,74075,9.0
Quarter Final,1993,58852,6.3
Quarter Final,1995,69707,7.4
16th,2013,55888,5.3
16th,1991,35525,1.9
16th,1988,25023,6.8
Final,1996,47292,5.7
Final,1999,49482,8.9
32nd,1988,42638,9.9
16th,1993,75199,5.4
16th,1987,65694,7.7
32nd,1998,85994,9.6
Quarter Final,2012,54550,4.6
16th,2012,51475,4.2
Semi Final,2006,39794,4.5
16th,2006,48822,8.3
16th,2004,36933,5.9
16th,1981,45470,3.7
32nd,2014,81474,4.9
Final,1992,26861,5.2
Final,1999,73397,6.5
32nd,1986,60229,6.9
Final,1999,29293,6.1
32nd,2007,26746,3.9
16th,1987,33549,6.1
16th,1999,28614,9.7
32nd,2015,50386,3.0
32nd,1995,66879,7.3
Quarter Final,1990,44007,4.6
Quarter Final,2011,44725,6.5
Final,1991,24799,6.3
16th,1999,41444,5.7
Quarter Final,1986,77624,9.2
32nd,1991,69774,7.0
Semi Final,2011,31390,5.5
Quarter Final,1992,50559,8.6
Semi Final,2008,47007,1.9
Final,1997,34392,8.3
32nd,1986,74278,6.5
Semi Final,1985,34920,1.6
Final,1995,38089,8.7
32nd,2009,25387,3.9
32nd,2007,36289,3.8
16th,1982,22103,7.6
Final,2013,77498,3.1
16th,1986,47781,1.4
Quarter Final,1991,41241,1.1
Semi Final,2004,26870,2.6
Final,2013,70096,9.2
32nd,1983,49747,6.0
Semi Final,2013,29117,9.1
Quarter Final,2013,70939,7.8
32nd,1984,43834,3.7
Quarter Final,1991,42165,7.0
Final,1988,36991,6.9
16th,1998,27604,4.6
Semi Final,1983,45655,3.9
16th,2015,85077,5.1
16th,1988,28611,7.8
16th,1997,61512,5.1
Semi Final,2008,36713,9.5
16th,1990,28096,9.8
16th,2007,81367,6.3
Semi Final,2008,33946,7.4
32nd,2015,88628,4.3
Final,1982,70046,2.5
Final,1998,46330,3.1
Quarter Final,2008,89816,1.1
32nd,1995,31230,6.7
Final,2007,44427,3.7
Semi Final,1989,46741,3.1
32nd,1985,59601,2.6
Quarter Final,2005,36260,6.4
Semi Final,1986,33925,1.9
Semi Final,1993,83452,7.6
16th,1990,43899,4.1
Semi Final,2001,29226,4.1
Quarter Final,2011,47605,5.2
Final,1990,44295,5.1
16th,1992,82572,9.9
Quarter Final,1995,70029,2.6
Quarter Final,2007,21379,2.0
Quarter Final,2014,58371,5.3
Final,1986,21688,9.9
32nd,2001,55617,8.4
32nd,2013,84601,9.0
Final,2010,71194,9.0
Quarter Final,2000,51680,7.7
Final,2009,85755,2.1
Final,1996,40176,4.8
32nd,1998,50261,2.8
32nd,1995,72655,4.5
Final,1988,49512,7.9
Semi Final,2002,25707,6.1
32nd,1982,29360,6.6
Final,1982,27814,1.3
16th,2011,81013,9.3
32nd,2001,80209,9.2
16th,2013,71911,8.9
32nd,1988,27020,1.8
Final,2002,86998,5.0
32nd,1985,53379,1.9
16th,1988,36653,9.7
32nd,2011,29823,1.0
16th,1988,65598,6.8
Quarter Final,1984,43930,7.2
Quarter Final,2002,58857,1.5
Semi Final,2001,43602,2.7
32nd,1993,41606,9.8
Final,1996,28312,2.7
16th,1993,42268,5.7
Semi Final,2005,89594,2.5
Final,1990,81874,4.0
16th,2003,53065,6.6
Semi Final,2005,23740,9.5
Semi Final,2006,36141,6.7
Quarter Final,1985,41386,8.7
32nd,2011,55569,9.3
16th,2002,77651,9.7
32nd,1990,78558,3.2
Final,1984,64527,5.6
16th,2006,44041,2.0
Final,2006,89778,4.5
16th,1980,63482,3.1
16th,1992,29599,1.8
Final,2011,79135,3.6
Final,1984,26377,1.5
16th,1989,36909,1.1
32nd,2004,52407,7.5
32nd,1980,45220,3.0
Final,2007,27172,4.4
16th,2001,37515,9.2
16th,1998,81593,7.5
16th,2003,55954,8.9
Final,1999,41545,5.4
32nd,1980,41644,9.1
32nd,1983,42539,6.5
Final,1992,81168,9.3
Final,2005,50020,7.1
Semi Final,1987,42537,9.9
32nd,1995,74200,4.7
32nd,2013,34901,1.9
16th,2014,56704,5.3
16th,1990,49222,2.8
16th,2008,81891,8.0
Semi Final,2003,30455,10.0
Final,1990,55608,8.8
Final,2003,56840,7.7
32nd,1992,49590,8.4
32nd,1997,51906,2.7
Final,1994,53325,9.6
Quarter Final,1997,80360,6.0
Quarter Final,2004,72971,4.4
Semi Final,2001,22241,3.0
Final,1987,64363,4.8
16th,2011,85010,5.9
Final,2003,56566,6.9
Quarter Final,1988,55587,10.0
Final,2006,32854,2.4
Final,2015,25848,3.1
32nd,1996,88151,7.9
16th,1999,45222,5.6
32nd,1986,88704,8.7
32nd,2014,55493,9.6
32nd,1995,29910,7.3
Semi Final,2012,87673,9.9
16th,1994,89045,9.8
Quarter Final,1996,79209,3.8
Quarter Final,1987,89672,8.2
Semi Final,1991,48407,2.3
16th,1990,31422,2.1
16th,2000,30729,4.1
Quarter Final,1990,30662,6.4
Final,1992,62646,8.8
Quarter Final,1987,61182,7.2
Final,1987,75098,6.4
16th,2002,49393,2.8
Quarter Final,2013,43627,3.8
Final,1986,76470,4.1
Semi Final,2002,82123,3.2
Final,1994,59220,3.7
32nd,1991,20725,9.6
Final,2004,41011,5.5
Semi Final,2002,32512,3.2
16th,2005,69256,1.8
Quarter Final,2004,47574,7.8
Quarter Final,2002,56662,4.1
Semi Final,2015,48295,2.1
32nd,2000,73794,9.7
32nd,1998,38435,5.7
16th,1983,42340,6.0
32nd,1988,33564,7.1
16th,1993,72309,9.9
Semi Final,1980,51152,1.9
16th,1988,27517,3.4
Quarter Final,1985,29486,8.7
16th,1999,40373,5.6
Semi Final,1980,22417,3.9
16th,1999,35218,7.5
Semi Final,2001,47945,3.4
Final,1989,23293,8.6
32nd,2004,77676,8.4
32nd,1984,51344,6.5
Final,2005,64255,9.2
Quarter Final,2012,43193,5.5
16th,1995,82314,8.4
16th,2010,50072,4.9
Quarter Final,1997,69575,4.5
Quarter Final,1998,41464,9.7
Final,2001,64456,5.0
Semi Final,1986,34841,6.6
32nd,2011,31564,8.5
Final,2008,51726,3.0
Final,1981,87486,3.5
16th,2003,70891,1.6
32nd,1993,47468,6.7
Semi Final,2011,63492,7.8
Final,2008,62555,3.3
Quarter Final,1997,30115,8.6
16th,1996,28016,4.2
Quarter Final,1993,55006,1.1
16th,2013,79290,5.8
16th,2010,57675,6.1
Semi Final,1990,24521,2.9
Semi Final,2004,27834,7.7
32nd,2006,33927,10.0
16th,2004,64359,2.4
Final,2009,39667,4.9
32nd,2012,58889,3.8
Quarter Final,1999,35300,7.1
32nd,1992,47239,9.1
32nd,1998,41415,6.0
Semi Final,1999,47439,2.2
Quarter Final,2008,23529,1.0
Semi Final,1980,51764,2.7
16th,1999,21045,6.8
Final,2002,77866,2.8
32nd,2010,28416,3.1
Semi Final,1991,25742,7.6
Final,2003,36758,1.4
16th,2000,66818,5.2
Final,2004,73287,3.3
Semi Final,1997,83035,7.0
32nd,1982,24238,3.2
16th,2009,28490,5.0
Final,2007,87371,6.8
Semi Final,1995,80567,7.4
Final,1998,26202,2.6
Final,2002,72118,9.8
Semi Final,2000,67585,3.5
Final,2011,54655,6.2
16th,1981,33870,1.3
Quarter Final,1997,49437,7.7
Final,2001,67009,4.3
Quarter Final,1996,73895,6.3
Semi Final,2001,62870,9.2
16th,1981,69196,4.4
Quarter Final,1999,59826,1.1
Quarter Final,1997,78169,7.0
32nd,1990,21399,7.1
Semi Final,1981,62528,4.0
Quarter Final,1985,46206,3.6
Semi Final,1992,21514,7.1
16th,2014,63877,2.8
Final,2013,58837,4.7
16th,1993,58068,9.7
32nd,2004,65911,9.8
Final,2011,87777,5.3
32nd,1996,42720,2.0
Final,2002,86407,9.4
Final,1988,61737,4.1
32nd,1981,64174,1.8
Semi Final,1990,83549,2.3
16th,1997,81791,9.0
16th,1997,53659,2.9
Semi Final,1982,69425,2.1
Final,1987,39147,8.7
Final,2003,79323,9.6
16th,1986,34818,4.6
32nd,1986,67871,8.6
16th,2013,71778,8.3
Quarter Final,1982,66259,5.7
Quarter Final,1992,61942,2.1
Quarter Final,1980,62246,2.8
Semi Final,2001,63469,3.4
32nd,1998,49147,6.2
32nd,1981,83862,1.7
Semi Final,1997,52500,7.7
16th,2009,88620,5.7
16th,1981,22530,10.0
16th,2009,83436,5.3
16th,2007,77723,6.7
32nd,2011,29709,8.5
Quarter Final,2001,50941,5.7
16th,1996,40655,5.1
Final,2004,84739,9.4
32nd,1988,46968,2.6
32nd,1983,61229,8.2
Semi Final,1997,58561,9.1
32nd,1983,75651,2.5
32nd,1999,66286,5.6
Semi Final,1995,72487,7.9
Quarter Final,2001,52868,1.4
32nd,1990,48192,7.7
Final,1987,52716,7.7
Final,1986,83815,3.7
Quarter Final,2015,28422,7.9
Semi Final,1982,72328,1.8
32nd,2015,67910,6.0
Final,1989,52676,2.2
Semi Final,2009,51723,5.8
32nd,1994,60626,1.7
32nd,2014,38687,9.3
Semi Final,2002,88338,3.1
Quarter Final,1997,80919,2.6
Semi Final,2012,72589,5.6
Semi Final,1993,73528,3.9
32nd,2010,69067,6.7
16th,1988,82308,9.4
16th,1984,43463,6.5
32nd,1981,41113,4.9
Quarter Final,1994,27392,1.7
Quarter Final,2007,49364,6.4
Final,2001,23595,8.4
16th,2015,20210,3.7
Semi Final,1980,55534,3.8
Semi Final,2002,28345,4.8
Quarter Final,1983,29126,2.8
Final,1985,51090,1.7
Final,1982,28779,9.6
32nd,2005,60342,4.4
Final,1992,84005,8.4
Semi Final,1990,75751,8.8
Semi Final,1997,72428,4.5
32nd,1983,67390,3.2
16th,1988,30666,4.9
Quarter Final,2013,58211,2.3
Semi Final,1995,82518,1.9
Semi Final,1980,21620,8.3
32nd,2014,62605,6.9
Quarter Final,2007,80801,2.1
Quarter Final,2011,43198,5.2
Quarter Final,1990,20346,4.4
Quarter Final,1985,79602,5.4
Semi Final,1983,75735,3.1
Final,1982,23467,8.3
16th,1984,86133,5.5
Semi Final,2005,78820,7.7
Quarter Final,2010,83565,6.3
Semi Final,2012,76434,6.5
16th,1994,38381,4.9
Semi Final,1994,81485,4.2
32nd,1989,49520,3.4
Semi Final,1994,41675,1.6
16th,1985,50494,6.6
16th,2012,83133,1.9
32nd,2010,33069,9.8
Final,1987,65325,9.1
Semi Final,1990,44427,6.3
Semi Final,1992,64738,2.9
16th,2010,64900,8.6
32nd,2008,40646,6.2
Quarter Final,1980,66071,4.8
Final,2014,89252,4.3
Semi Final,2002,60757,7.1
16th,1991,75808,4.3
Final,1993,86323,5.8
32nd,1983,71565,3.3
16th,2009,68762,8.8
Final,1987,78821,2.7
32nd,2007,65971,2.6
16th,2012,83824,3.4
16th,1987,64251,10.0
Semi Final,2011,79876,9.0
32nd,1987,88603,6.9
Quarter Final,2015,76713,7.1
16th,2013,27970,6.5
Semi Final,2010,47310,7.0
Quarter Final,2013,40924,7.3
32nd,2001,47138,1.8
Quarter Final,2001,62282,1.4
Quarter Final,1983,36217,5.4
16th,2005,69816,8.5
Semi Final,1994,89638,9.9
32nd,2010,49383,8.7
Final,1988,75015,9.0
16th,1996,25798,5.9
16th,2004,40052,2.0
Final,1982,24767,8.6
Quarter Final,2004,55303,4.9
16th,1996,42674,1.9
32nd,2006,42332,3.7
Quarter Final,1984,24923,7.3
Quarter Final,1981,45254,2.9
16th,1997,58405,2.7
16th,1995,58832,5.4
Semi Final,1987,84536,7.6
32nd,1989,28004,3.1
Semi Final,1991,75438,2.4
Semi Final,1988,88534,1.1
16th,1985,36673,6.7
Semi Final,2013,48784,5.1
Quarter Final,2009,71417,4.1
Semi Final,1990,28783,3.1
Quarter Final,1995,59287,8.2
Semi Final,2007,27171,1.1
32nd,2009,64068,7.2
Final,2002,31908,1.6
Final,1982,32577,7.7
Final,1997,44332,4.4
Final,2004,59938,9.3
Final,2012,54154,5.7
Semi Final,2012,45437,2.8
16th,2000,76527,7.9
32nd,1985,66941,2.8
Final,1999,63801,2.0
Quarter Final,1996,41103,2.1
16th,1986,36274,6.6
16th,1994,76637,8.0
Semi Final,2006,65538,9.5
32nd,1988,31822,7.8
32nd,2013,69511,1.8
Final,2015,35522,3.1
32nd,1997,60012,3.4
16th,1997,55683,1.5
Semi Final,2008,63150,1.9
32nd,2011,39841,9.1
Quarter Final,2001,27623,8.4
16th,2011,41763,2.4
Final,2007,35217,1.6
16th,1990,70883,6.8
Final,2003,67516,1.2
Semi Final,1985,76815,1.1
Semi Final,2005,56043,7.4
16th,2000,42388,5.2
32nd,2012,64334,5.7
Final,1992,55864,2.3
Final,2008,26256,9.2
16th,1991,35779,6.1
16th,2003,88387,9.8
Quarter Final,2009,71938,9.8
16th,2005,37138,8.3
Quarter Final,1993,79410,5.9
16th,1989,38534,4.4
Quarter Final,1987,59920,7.8
32nd,1980,82703,4.6
Semi Final,1998,42201,1.1
Final,2004,88788,7.1
32nd,1990,87824,3.7
32nd,2005,86987,9.2
16th,1989,61142,3.8
32nd,1981,33523,4.7
Final,1998,49017,3.1
32nd,2015,20623,5.8
Quarter Final,2008,80113,7.3
16th,1984,46495,2.1
Semi Final,1990,67027,9.5
16th,1981,77064,4.7
Quarter Final,1981,28900,8.8
32nd,1982,49253,4.1
32nd,1988,78893,8.2
Semi Final,1997,67903,9.1
Quarter Final,1994,54377,4.0
16th,1987,26998,6.3
Quarter Final,1984,58085,4.4
32nd,2000,86425,5.4
Semi Final,1987,35718,8.1
16th,2003,65090,6.7
16th,1996,53239,7.4
32nd,1986,68074,5.0
32nd,1998,68446,2.7
32nd,2001,64456,3.2
Final,1989,57691,1.7
16th,1986,23218,1.5
Final,1997,33968,6.2
Semi Final,1989,34809,6.3
Semi Final,1989,55212,1.4
32nd,2008,74259,4.4
16th,1993,47912,5.3
Final,1980,32668,8.5
Final,2008,70818,3.3
Quarter Final,2013,80301,5.8
16th,2007,50752,7.2
Semi Final,1992,34667,4.6
Final,1985,67090,7.9
16th,1993,52505,7.0
32nd,2014,87521,4.7
16th,2001,46610,6.2
Semi Final,1989,22834,8.3
Semi Final,1980,82722,9.7
Quarter Final,2007,60625,2.3
Quarter Final,2012,38218,1.4
Final,1988,57800,5.6
Semi Final,2006,73981,9.5
Quarter Final,2015,80050,3.6
Final,2000,63162,2.5
Final,1991,52824,4.8
Quarter Final,1983,40069,2.2
32nd,1989,39454,4.7
Final,2010,74364,1.5
32nd,1997,33397,9.1
Final,2011,33773,1.1
Final,1980,45981,4.2
Semi Final,2000,75771,2.7
Semi Final,1987,45644,7.3
32nd,2008,87104,4.3
Semi Final,2007,40028,9.8
16th,1988,66083,5.1
Semi Final,1988,62957,2.0
Final,2013,44090,8.2
Quarter Final,2006,60643,1.3
Final,1998,21490,4.7
Final,1988,49040,9.6
Final,1982,60009,3.7
Semi Final,1997,79983,9.3
16th,1982,29979,3.4
Quarter Final,1981,85900,8.0
Semi Final,2007,87153,9.8
Semi Final,2006,88827,6.2
32nd,2015,55216,8.3
16th,2011,28435,7.2
16th,2011,59053,4.8
Quarter Final,2015,75499,1.9
Semi Final,1987,22802,3.3
32nd,1980,81750,1.4
Quarter Final,1982,37778,8.8
Semi Final,2002,84894,6.1
Quarter Final,2003,64383,5.9
Final,2010,36620,3.5
Final,2009,35588,7.5
32nd,2002,44430,9.9
Quarter Final,1982,40468,1.5
Semi Final,1981,76027,4.3
32nd,1981,64433,2.3
32nd,2005,37795,9.6
32nd,2013,42700,9.8
Quarter Final,2000,55001,8.8
16th,2011,47902,2.9
32nd,1990,84981,2.2
Semi Final,2005,85642,3.2
Quarter Final,1982,78232,9.6
Final,1984,28153,4.5
Semi Final,2006,77174,4.3
Final,1990,22440,1.9
16th,2015,75055,4.1
Semi Final,2006,30177,6.5
32nd,1983,23607,8.9
Quarter Final,1982,74580,3.2
32nd,1999,64205,6.5
16th,1988,80575,8.7
Semi Final,2013,45408,2.1
16th,2013,28784,4.1
32nd,1983,43491,3.3
Semi Final,2005,55219,5.8
32nd,2001,83450,3.1
Final,1993,81388,9.6
32nd,2015,52626,7.9
Semi Final,1986,29710,3.5
Quarter Final,1993,34650,1.5
Final,2002,31290,8.4
Quarter Final,2008,38006,7.2
Semi Final,1990,53578,8.9
Semi Final,2003,33338,6.7
Quarter Final,1989,25026,9.6
32nd,2001,50283,7.2
Quarter Final,1993,38608,2.9
16th,2013,54773,7.6
Semi Final,2003,84279,7.9
Quarter Final,1993,43115,2.5
Final,1996,88208,9.8
32nd,1992,25429,2.0
16th,1993,56585,7.7
Quarter Final,1984,78066,9.0
Final,2006,63854,4.9
Final,1996,77075,4.3
32nd,1996,42831,3.7
32nd,1999,45690,1.8
Quarter Final,1981,79088,6.2
Semi Final,1982,45758,8.0
Semi Final,1998,27008,3.9
16th,1989,86053,3.4
Semi Final,1980,69214,2.2
Semi Final,1982,85442,5.5
Semi Final,2014,33348,3.3
Semi Final,2003,70787,3.6
16th,2002,48594,3.9
Final,1985,65326,2.0
16th,1994,54287,4.7
32nd,2009,45913,2.0
Final,1996,48362,9.5
Final,1988,28775,8.1
Final,1988,40740,4.0
16th,2007,28421,9.8
Quarter Final,2000,53185,3.4
32nd,2010,46773,4.1
Final,2000,64364,3.2
32nd,1989,46761,3.7
Semi Final,2011,31608,9.0
Quarter Final,1985,41223,9.6
32nd,1991,45145,6.4
Quarter Final,1991,55889,5.2
32nd,1990,22442,2.5
Final,2006,79186,9.5
Final,2000,67026,2.4
Quarter Final,1983,54739,8.5
Final,1995,76850,4.2
Semi Final,2001,70501,4.6
16th,2009,47331,8.2
Semi Final,2014,56282,9.4
32nd,1998,44145,3.5
Final,1981,23221,7.0
Quarter Final,1991,32883,3.4
Semi Final,2001,74483,8.8
16th,2007,44908,1.6
16th,1999,51247,5.6
Quarter Final,1980,86016,9.0
Semi Final,2003,41447,1.6
32nd,1995,62231,8.6
16th,2009,44040,7.7
Semi Final,1998,41420,7.3
Final,1988,33223,8.9
Quarter Final,1996,63691,3.0
32nd,1988,26833,9.2
16th,1993,88515,3.0
16th,2004,68900,7.5
32nd,2010,26670,5.4
Quarter Final,2007,39665,8.8
Final,1995,83649,7.9
Quarter Final,1998,25739,9.6
Quarter Final,1989,83506,7.7
Final,2010,23070,8.1
32nd,1997,60985,5.9
32nd,2014,72025,6.4
Quarter Final,1985,50299,3.9
Final,1995,61353,4.9
32nd,1995,38494,3.3
Final,1982,77955,7.4
Final,2012,33331,3.1
Semi Final,1989,30738,4.6
Quarter Final,2008,28968,3.1
Quarter Final,2002,74137,8.3
16th,2006,60622,2.5
Final,2000,80973,2.8
Semi Final,2015,21858,3.6
Final,2003,67774,7.6
Quarter Final,1988,76926,2.4
Quarter Final,2014,57606,7.0
32nd,2003,45222,4.8
16th,1995,83927,9.0
16th,2005,39583,6.2
Quarter Final,1983,87757,2.6
Final,2009,22225,1.6
Final,1999,82234,9.2
Final,1994,39137,7.0
Final,2010,41779,4.9
Semi Final,1997,45934,5.0
Quarter Final,2013,88511,1.0
Final,2012,33684,5.2
16th,1995,85115,1.3
Final,2013,56500,7.0
16th,1992,70525,4.5
16th,1995,77776,7.2
32nd,2000,34312,8.4
32nd,2001,52197,4.0
Quarter Final,2014,71425,1.0
Final,2007,79264,8.4
Semi Final,1980,75121,5.1
16th,1980,81260,2.6
Quarter Final,2012,39636,8.2
16th,2000,45554,3.4
Semi Final,2012,28261,9.0
Quarter Final,1997,87158,6.4
Quarter Final,2013,41647,3.0
Quarter Final,1993,57734,9.6
Quarter Final,2001,77244,5.5
32nd,2011,58156,4.5
16th,1997,54667,3.2
16th,2005,44471,4.7
16th,1996,24731,9.4
Final,1993,70744,8.0
Semi Final,1994,72790,5.7
Final,1985,69885,6.4
Quarter Final,1990,84174,8.0
Semi Final,1990,63896,9.4
Semi Final,2009,71453,2.4
32nd,1981,86420,2.8
Semi Final,2001,34881,1.9
Final,1994,89809,2.7
Quarter Final,1994,38328,7.7
Final,2003,81337,7.1
16th,1997,34197,2.0
Final,1987,58506,6.5
Final,1983,86847,2.0
32nd,2009,87627,4.6
Final,1982,32751,5.0
Semi Final,2004,21660,5.6
32nd,1986,80930,1.7
Final,2009,22340,8.3
Final,1986,38635,9.0
Semi Final,2011,46131,2.3
Quarter Final,1999,77538,1.6
32nd,1985,59812,4.3
Final,1990,49356,5.5
32nd,1997,61174,5.3
Semi Final,2006,59523,3.3
32nd,1987,67118,6.1
Semi Final,1987,80647,7.0
16th,1988,78853,7.5
Quarter Final,2010,43631,8.0
32nd,1984,66608,6.1
Semi Final,1993,36189,4.3
Quarter Final,1995,55216,9.7
Quarter Final,1994,24618,4.8
Final,1997,88626,7.2
Semi Final,2000,49096,3.6
32nd,1987,36200,9.9
Quarter Final,2015,78912,8.1
Semi Final,2001,76107,4.0
16th,1991,54181,6.7
Semi Final,2001,40723,6.6
32nd,1996,54310,2.3
Quarter Final,2001,28889,9.1
Quarter Final,2006,80679,6.5
16th,1985,55834,5.2
Final,1985,71928,8.0
Semi Final,1997,50877,1.6
Semi Final,2002,56556,7.9
32nd,2011,31300,4.1
Final,1981,67833,8.4
16th,1992,36670,6.4
32nd,1991,48563,2.0
Final,1981,86814,9.9
Semi Final,1981,42841,2.2
Final,2008,53549,6.3
16th,2007,41888,3.9
Final,2013,50780,5.4
Final,2006,55722,3.3
16th,1999,83457,5.5
Final,1990,43752,4.5
Quarter Final,1989,70998,6.9
Semi Final,2008,32656,5.2
16th,1989,85173,8.2
Semi Final,2015,36647,9.1
16th,2007,84027,8.8
Quarter Final,2000,41641,7.6
Semi Final,1991,47906,3.4
Final,1988,77064,9.8
Final,2013,77363,2.0
32nd,1994,71216,8.4
Final,2011,50621,7.7
Quarter Final,1993,23710,9.5
32nd,1981,47029,7.8
16th,2011,45204,7.3
16th,2002,29085,8.1
Quarter Final,1988,27330,7.8
Quarter Final,1984,74999,1.8
Final,1983,78508,7.6
Quarter Final,1997,72634,3.2
Semi Final,1989,56470,7.7
Semi Final,2009,23979,2.8
Semi Final,1992,89243,8.4
Quarter Final,2014,32651,9.4
Final,2012,86259,9.3
Final,1980,31623,2.9
Quarter Final,1995,29745,8.1
Quarter Final,1982,48430,8.0
Semi Final,1981,76989,8.7
Quarter Final,1985,81705,3.6
16th,1997,35522,1.7
16th,2007,50160,2.8
Final,1980,83243,5.7
Quarter Final,2008,43674,4.5
32nd,1989,21715,3.2
16th,2011,82172,8.2
16th,2003,26254,3.3
32nd,1981,28134,2.1
Quarter Final,2012,22304,8.7
32nd,1986,61512,9.5
Quarter Final,2003,39757,7.1
Quarter Final,1988,82559,7.5
Semi Final,2001,72209,7.6
16th,1993,26618,3.5
32nd,2014,28269,7.2
32nd,1990,85903,4.5
32nd,1985,45272,1.4
Final,2012,46467,1.7
32nd,1995,27709,8.9
Quarter Final,1997,78380,7.6
Final,1988,44201,8.1
32nd,2003,67478,3.4
Final,1988,48533,1.5
Final,2002,50710,4.9
16th,2003,57035,9.9
Quarter Final,1994,85888,2.3
Semi Final,1986,67623,9.6
Semi Final,1993,39984,6.1
Quarter Final,1996,76515,7.8
16th,1988,56136,9.1
16th,2012,54795,2.3
Final,1982,58700,8.1
Quarter Final,2000,51226,3.1
Quarter Final,2007,88080,9.3
Quarter Final,1986,51845,2.1
32nd,1991,86305,5.0
16th,2010,29137,1.6
Semi Final,1991,76100,4.1
16th,1991,46581,8.0
Final,1999,70256,5.5
Semi Final,2001,76912,2.1
Final,2006,87619,9.9
Semi Final,2000,62906,1.1
32nd,1998,88538,1.7
16th,2005,73162,7.6
Quarter Final,2002,28970,1.1
32nd,1994,52023,2.3
32nd,2002,34772,2.9
32nd,2014,37323,9.9
16th,1990,73314,2.0
32nd,2000,63645,8.9
Final,2005,74528,4.7
16th,2003,43462,10.0
Final,1985,39445,4.5
32nd,1986,45630,9.2
16th,2004,63394,7.4
16th,2005,73465,9.3
32nd,1983,27365,5.6
16th,2012,47931,7.1
Final,1990,35062,6.7
32nd,2013,25744,5.8
32nd,1987,70228,9.9
Final,2008,64624,7.6
Semi Final,1988,54186,3.8
32nd,1981,33270,4.6
Quarter Final,1986,60403,1.5
32nd,1986,34357,5.5
32nd,2007,39627,6.1
32nd,2008,67700,2.1
16th,2008,84142,2.6
32nd,2001,55256,3.4
Quarter Final,1991,76214,3.3
Quarter Final,2000,61565,3.2
Semi Final,1998,68146,9.6
Final,2002,23511,3.8
Quarter Final,1981,29692,2.0
Quarter Final,2009,81513,1.1
Semi Final,2015,60353,3.4
Semi Final,1984,87865,6.0
16th,2010,33181,3.5
32nd,1983,55340,6.8
Semi Final,2000,59645,7.9
Semi Final,1991,71577,3.8
Quarter Final,2002,67199,1.9
Final,1983,65125,2.9
Semi Final,2013,87416,2.0
Final,1991,59722,8.9
32nd,2011,84543,3.9
Semi Final,2004,40523,8.9
16th,2001,43803,9.9
16th,2002,29069,2.6
Final,1988,83067,7.2
Final,2001,38911,7.6
32nd,1984,59173,4.0
Final,2003,51649,2.6
16th,1990,71208,7.1
16th,2004,39214,7.9
Final,2014,38898,8.0
16th,1994,78709,6.0
Final,2000,65089,8.1
Semi Final,1995,88986,2.7
32nd,2013,25239,2.4
Final,2005,37342,9.4
16th,2008,23836,4.6
Semi Final,1987,68557,9.4
Semi Final,1995,45648,7.4
Quarter Final,2010,21494,2.7
32nd,2009,49587,9.8
16th,2000,44412,6.6
Quarter Final,1997,44331,8.6
16th,2013,84321,8.0
Semi Final,2012,29811,6.9
Final,1999,27110,4.3
Final,2012,28243,4.6
32nd,1980,41220,7.5
16th,1980,53657,5.7
Final,1994,43956,1.8
Final,2002,72292,3.0
16th,2014,68981,3.2
32nd,1997,27829,9.8
Final,1998,25450,6.5
Quarter Final,1984,83460,1.5
Quarter Final,2001,60868,5.6
Final,2009,82408,6.0
Semi Final,1984,78133,9.7
32nd,1998,25763,8.1
Semi Final,1998,75215,1.5
Semi Final,2006,44926,3.4
16th,1993,40681,2.7
Final,1983,46962,7.3
32nd,1985,39428,8.0
32nd,1994,87532,4.1
Final,1985,85175,8.7
Semi Final,2002,49003,8.0
Final,1988,77409,3.6
32nd,1999,52849,6.3
Final,2004,22977,4.5
Quarter Final,1995,46420,1.6
Final,2013,31859,5.3
Final,1983,23151,9.1
32nd,1984,65772,2.5
Semi Final,2015,52101,3.6
Quarter Final,1990,40805,4.8
16th,1991,51501,3.1
32nd,1985,26419,8.8
16th,2003,23172,6.8
Quarter Final,2002,84855,4.1
Semi Final,2007,46377,3.0
Final,2004,45856,9.4
32nd,2001,51631,3.4
Final,2003,79437,7.2
32nd,2005,39263,8.3
32nd,1990,67419,7.8
32nd,2002,29672,8.2
16th,1986,27508,7.5
Final,1997,89043,3.1
32nd,2002,71450,8.4
16th,1984,21250,9.0
32nd,2010,51935,1.3
32nd,1989,34502,5.3
32nd,1991,72946,8.9
32nd,2015,63800,1.9
Semi Final,1995,85092,8.6
16th,1992,58608,8.3
16th,1989,35794,9.1
Quarter Final,2013,44683,8.4
Quarter Final,2005,42591,5.2
32nd,2010,86978,9.7
32nd,1992,56777,3.2
Quarter Final,2005,83066,7.5
32nd,1985,44365,5.8
Final,2010,31638,1.8
Quarter Final,2013,51250,3.3
Final,2011,21241,5.2
Semi Final,2011,36263,5.9
16th,1991,76046,5.7
Quarter Final,1992,89399,6.7
Quarter Final,1987,47372,3.7
Semi Final,1982,57275,1.1
Semi Final,1992,42987,4.0
Final,1990,32840,7.3
32nd,1988,75009,5.6
Semi Final,1992,50013,6.1
32nd,1995,79973,1.2
32nd,1993,36549,8.0
16th,2013,30389,7.2
Semi Final,1988,20173,4.4
32nd,1996,31913,5.7
Semi Final,2013,67460,9.4
32nd,1985,73016,8.6
32nd,1985,34932,1.7
32nd,1999,52842,2.2
32nd,1996,52192,8.1
Quarter Final,1989,83324,5.3
Final,2004,39732,1.5
Semi Final,1980,60858,2.9
Semi Final,2014,83186,4.7
32nd,2015,55960,3.6
Semi Final,1992,69194,5.6
16th,2009,37022,3.0
Semi Final,2000,41803,9.4
32nd,2015,52620,8.7
16th,1996,86432,9.5
Quarter Final,1984,54034,5.0
32nd,2007,59618,2.6
16th,2013,21645,9.0
32nd,1980,31084,9.4
Semi Final,1999,28781,8.7
32nd,1986,22401,9.1
32nd,1998,29240,5.9
Final,1985,40598,5.1
Semi Final,2006,68021,5.2
Final,2008,49331,3.1
Quarter Final,1990,51611,1.3
16th,2012,76150,8.4
16th,2012,60936,8.0
Quarter Final,1999,84096,5.7
Quarter Final,2014,67068,8.2
32nd,2011,86424,1.2
Final,2014,57218,7.1
Semi Final,1990,33130,2.8
16th,1983,84357,7.9
16th,1985,85277,6.6
32nd,2009,28349,9.8
16th,1994,39689,5.5
Quarter Final,2012,25597,5.2
32nd,2005,58970,3.8
Quarter Final,2010,83639,6.9
32nd,2006,25514,7.9
16th,1984,47651,2.3
16th,1980,89784,2.0
16th,2001,49599,7.3
Quarter Final,2007,25907,5.2
16th,1988,40520,6.4
Quarter Final,2000,71094,1.8
32nd,1980,23287,5.5
32nd,2014,50993,2.5
Quarter Final,1996,33370,3.6
16th,1983,71857,3.3
Final,1993,66519,6.4
16th,1983,40537,6.7
16th,1998,20694,9.1
16th,2009,57025,3.9
16th,1988,56402,4.7
32nd,1987,25684,5.4
Final,2009,26835,7.8
Semi Final,2001,26975,4.9
Quarter Final,2006,23368,9.9
16th,2000,59247,5.4
Semi Final,1997,54281,5.0
Semi Final,2000,77650,4.9
16th,1987,40952,3.4
Quarter Final,2006,32046,1.1
Semi Final,1991,54870,2.5
Semi Final,1998,27581,8.0
Quarter Final,2013,89737,5.2
32nd,1982,53188,1.5
Quarter Final,2003,68903,9.5
16th,1999,48414,7.6
32nd,1995,29071,6.0
Semi Final,1992,66844,9.0
Semi Final,1989,38771,5.0
Semi Final,2000,66855,6.6
Final,2001,40961,2.9
Quarter Final,2007,40051,5.9
Quarter Final,1989,33324,5.4
16th,1991,88727,6.2
Semi Final,1980,72041,9.4
Final,1993,59934,4.6
16th,1983,46540,1.8
Quarter Final,2001,66775,4.0
Semi Final,2009,31172,5.6
Final,1980,83616,9.3
32nd,1990,32134,9.9
Semi Final,2009,63701,7.7
Final,1986,71850,6.2
Final,1991,89222,3.1
16th,1982,32335,4.1
16th,2000,49715,9.9
32nd,1991,36905,5.6
Semi Final,1990,42437,5.3
16th,1997,48580,8.0
Semi Final,2006,46307,7.7
32nd,1985,80401,9.0
Quarter Final,2010,83775,3.1
32nd,2005,24749,9.7
16th,1991,43036,9.9
Quarter Final,2000,37933,3.4
32nd,1998,41141,7.5
16th,2012,36165,8.4
Quarter Final,2001,53573,6.9
Final,1985,20026,1.8
Quarter Final,2003,25907,3.0
Semi Final,1989,23684,7.9
Semi Final,2005,76317,4.2
Final,1988,29029,2.5
Semi Final,1997,69413,1.5
Quarter Final,2014,88657,3.5
Final,1981,29366,3.6
Final,2006,78447,6.3
16th,2004,41147,5.1
16th,2001,36672,3.4
32nd,1992,57365,7.2
Quarter Final,2009,45037,2.7
Semi Final,2012,58071,5.0
16th,2007,21399,8.0
Final,2013,63762,9.4
Final,2011,61427,1.7
16th,1990,87504,3.0
Semi Final,2003,57036,3.9
32nd,1988,84646,5.3
Quarter Final,1986,35301,7.4
16th,2006,47820,3.4
Quarter Final,2002,69484,8.8
16th,1981,68670,9.3
Final,1999,63791,6.5
16th,1991,89851,10.0
Final,1987,61352,7.9
Semi Final,2011,42909,2.5
Quarter Final,1987,22398,5.6
16th,2009,82878,5.0
Quarter Final,1994,32350,9.7
Semi Final,2012,61366,5.6
16th,1985,69331,9.2
16th,2004,25715,9.3
Final,2011,55566,9.6
Quarter Final,2013,63146,6.7
16th,2015,49765,1.0
Quarter Final,1995,56284,9.5
Semi Final,2010,50354,6.7
Final,1984,57275,6.9
Final,2006,72728,9.5
Quarter Final,1982,58216,7.8
32nd,1980,72093,1.0
Semi Final,1981,34821,8.3
Semi Final,2004,43436,2.4
32nd,1989,55020,6.4
Final,1980,48042,1.6
Semi Final,1997,89965,3.6
Quarter Final,2009,36122,3.0
Final,2008,69861,5.6
Final,2010,49842,7.5
Quarter Final,1995,37869,1.1
Quarter Final,1991,72976,3.6
Semi Final,1999,68354,3.7
32nd,2012,55462,8.1
16th,1986,71330,4.7
Final,2012,61953,8.4
32nd,1996,55266,8.7
16th,1995,55871,5.9
16th,2008,30622,9.0
Semi Final,1994,67338,8.4
Semi Final,2001,55641,6.4
Semi Final,1992,82163,6.0
Final,1986,73207,8.5
Quarter Final,2001,65100,9.8
32nd,2002,78739,4.0
Semi Final,1987,56093,7.8
32nd,2004,57247,2.2
16th,2006,41541,2.1
16th,1989,20612,6.1
Semi Final,2004,40677,6.3
16th,1989,24963,3.5
Quarter Final,2005,78391,10.0
Quarter Final,2009,30500,7.2
Quarter Final,1991,24484,3.9
16th,1986,55576,6.7
32nd,1985,50561,6.4
32nd,2014,25947,9.9
32nd,1985,86799,5.2
16th,2011,45257,1.4
32nd,2005,48515,3.5
Semi Final,1980,48865,9.9
16th,1981,57547,5.3
Quarter Final,1985,63853,4.2
Semi Final,2005,51666,4.0
Semi Final,2013,56445,8.5
Quarter Final,2012,69716,2.1
Quarter Final,1994,37865,6.4
16th,2005,57168,4.5
Semi Final,1984,83546,6.9
Quarter Final,2007,83045,3.9
16th,2012,77607,3.3
Quarter Final,1981,55660,3.7
32nd,2003,41810,3.2
Quarter Final,1989,80592,1.7
Semi Final,1996,64115,8.3
32nd,2013,73844,1.4
Final,2013,22465,3.7
Final,1989,44084,9.1
Final,2002,68184,4.7
32nd,1994,22059,5.2
32nd,2011,68831,4.9
16th,1991,80124,2.8
Semi Final,2003,74329,9.9
Quarter Final,1994,35884,2.6
Final,2015,21481,5.4
Semi Final,1996,20675,3.3
16th,1991,53622,3.7
Semi Final,2015,82267,9.4
32nd,1986,51851,5.6
Semi Final,2009,60233,1.9
32nd,2015,21571,2.8
Quarter Final,1985,33258,8.3
16th,2006,36337,8.4
32nd,1987,69209,2.5
Quarter Final,2008,61546,9.6
16th,2015,36880,4.0
Semi Final,2002,23647,6.0
Quarter Final,2008,23930,3.5
Quarter Final,1986,27344,4.2
Semi Final,2015,32203,10.0
16th,1990,20273,9.2
16th,1997,58663,7.4
16th,1998,44108,5.2
Final,2008,67319,4.4
Final,1990,69388,1.3
Semi Final,1983,66258,9.2
16th,2004,88640,5.2
Quarter Final,1993,57727,2.0
16th,2006,78188,3.7
32nd,1987,56887,8.3
Semi Final,2012,27724,6.7
16th,1994,79234,9.1
Quarter Final,2006,50848,1.6
Semi Final,1981,87865,8.4
Final,2013,22121,8.9
Final,2012,25441,1.6
Final,1981,48339,9.7
Semi Final,1995,35038,3.7
32nd,1991,52368,8.7
32nd,1998,28024,9.8
Semi Final,1980,36931,9.8
16th,1988,65811,1.6
32nd,1995,48247,3.0
16th,2004,35649,9.5
Semi Final,1988,32579,8.0
Semi Final,2009,78572,5.6
16th,2015,85312,1.5
Final,1992,27049,3.9
Semi Final,2006,67108,7.7
16th,1992,26862,8.8
Final,2007,76171,5.9
Quarter Final,2005,47626,7.2
Semi Final,2004,54738,4.6
Quarter Final,2003,84905,3.1
Quarter Final,1981,34709,3.0
16th,2008,77874,7.1
Quarter Final,1992,43695,3.5
Quarter Final,2012,74558,2.5
Final,1998,63404,5.6
16th,1996,58249,3.9
16th,1994,27163,5.1
Final,1996,60751,5.9
32nd,1990,49173,4.5
Quarter Final,2012,67402,1.5
32nd,1987,86585,3.9
Semi Final,1999,73862,3.1
16th,1985,35070,2.4
Quarter Final,2011,46838,7.9
Quarter Final,2011,65336,7.7
32nd,1985,37366,4.1
Semi Final,2002,29808,3.1
16th,2002,48985,8.8
Quarter Final,1999,37631,7.1
Semi Final,1993,64130,8.3
16th,2015,31420,9.8
32nd,2012,23039,2.8
Final,2013,25847,4.2
16th,2000,89480,7.2
16th,1990,61628,5.6
Final,2007,77986,5.7
32nd,1981,67749,8.0
Final,2010,54855,8.1
Final,2012,57289,8.3
16th,1988,64861,7.6
Final,1986,47556,3.0
Final,2013,28322,1.3
32nd,2007,42403,4.9
32nd,1981,40523,8.5
Final,1980,55119,1.5
Semi Final,1992,60056,10.0
Quarter Final,1985,35227,2.4
Quarter Final,1983,71351,6.6
Quarter Final,2012,20780,7.7
Quarter Final,1996,39237,3.2
Final,1992,45784,1.8
16th,1981,25928,6.1
Final,1995,37310,5.7
32nd,2008,89371,3.4
16th,2008,36043,4.6
16th,1998,86935,5.7
Final,1982,45016,6.1
Quarter Final,1981,44382,9.6
Semi Final,2005,89346,9.5
32nd,1981,83956,8.5
Quarter Final,1996,33084,7.5
16th,2011,59744,3.0
Semi Final,2001,31754,8.7
16th,2003,63786,1.1
32nd,2011,48129,5.1
16th,1999,70152,4.9
Semi Final,1984,46643,7.7
Semi Final,2006,64190,6.0
Final,1999,35145,6.8
16th,2004,34142,5.5
Final,1993,44098,9.9
32nd,1993,26577,9.9
Semi Final,1997,87699,8.0
16th,1982,33229,7.1
Final,2006,29441,8.9
16th,1993,66114,9.4
32nd,1996,41920,1.5
16th,1989,37479,2.9
32nd,1986,88100,3.3
Final,1986,73731,6.8
32nd,2011,68159,6.2
Semi Final,2013,48462,2.8
Quarter Final,1992,67143,7.3
32nd,1995,52669,4.6
Quarter Final,2005,83652,9.9
Final,1991,82321,3.6
Final,2007,69677,6.3
Final,1982,48033,3.1
Final,2003,25633,6.0
Semi Final,2007,23019,7.9
32nd,1987,82568,1.7
Final,1996,36791,8.6
32nd,2011,35189,6.4
Final,2006,61452,7.0
Final,1985,51387,1.5
Quarter Final,2012,49042,7.0
Quarter Final,1996,59524,8.0
Semi Final,1990,23290,3.7
Semi Final,1997,23945,2.0
Semi Final,1998,66250,5.3
Semi Final,1985,78045,4.5
Semi Final,2005,32318,3.8
Semi Final,2011,60887,5.2
Quarter Final,2013,41335,5.1
16th,1986,63728,2.5
16th,1986,35786,9.9
Final,1986,64727,6.0
32nd,1988,27049,3.8
Semi Final,1991,67570,2.6
Final,1986,85485,9.4
16th,2011,41650,9.9
Final,1983,63032,9.6
Quarter Final,1998,45886,7.2
Quarter Final,1994,62353,2.3
Final,1980,33772,3.5
Semi Final,2003,60522,1.8
Final,1988,67758,3.2
Semi Final,1991,57436,5.2
32nd,2007,39154,7.6
16th,2008,25542,5.5
Semi Final,1986,37711,7.8
Final,1994,54898,7.2
Semi Final,1981,56808,1.8
16th,2011,56364,4.3
Semi Final,2003,58873,2.9
16th,1982,63075,7.2
Semi Final,1988,51239,4.3
Semi Final,1986,76317,3.2
Semi Final,2008,76232,7.5
32nd,2015,21089,1.4
Final,1982,42431,1.6
Final,2015,36648,8.8
32nd,2002,62601,2.3
Final,2005,45986,6.9
Quarter Final,1986,61477,3.6
Final,1982,31832,5.6
Quarter Final,1984,55928,9.3
16th,1982,62745,2.1
Quarter Final,2010,86669,3.9
32nd,2014,70023,8.4
Semi Final,1986,31417,5.6
Quarter Final,2000,59829,4.1
Quarter Final,1991,85259,7.0
Final,1998,72722,4.8
32nd,2009,62832,8.2
Semi Final,2002,46889,8.5
Quarter Final,2009,46680,6.5
16th,2004,58524,2.8
16th,2003,25148,9.3
Final,1982,84009,8.3
32nd,2001,36738,6.2
Semi Final,2006,73975,1.1
16th,1985,26159,8.6
16th,1993,88848,4.6
32nd,2000,62917,9.2
16th,1993,39767,5.5
32nd,1994,57903,6.5
Semi Final,2007,38546,2.2
Final,1994,61910,2.6
Quarter Final,1998,69016,8.2
Semi Final,1983,53448,4.5
32nd,2014,60980,3.9
Semi Final,1994,88524,3.3
16th,2012,51387,1.1
Final,2015,38732,8.8
Semi Final,1989,60307,2.9
Final,2006,59242,1.2
16th,1990,86612,2.6
32nd,2011,43478,5.6
Final,1983,27946,4.1
Semi Final,1987,74478,2.8
Final,1990,51067,4.1
16th,1992,27281,3.9
Quarter Final,1995,29714,5.3
Semi Final,2006,54337,8.1
Final,1998,71393,7.7
Semi Final,1981,59985,3.2
32nd,2005,76929,4.4
Quarter Final,2014,77408,2.5
Quarter Final,1987,27599,2.0
Final,2014,48692,4.5
32nd,2001,22086,3.8
16th,2013,77156,4.4
Final,2001,20125,3.4
32nd,1996,59420,7.5
Semi Final,2007,68842,3.3
Quarter Final,2011,22414,1.9
Final,2003,76660,5.4
32nd,1993,85753,8.0
Final,1983,63501,3.8
Final,1995,55569,2.3
Semi Final,2003,49138,2.9
16th,1982,51801,8.1
Quarter Final,1998,65920,2.3
16th,1997,78424,9.3
Final,2010,28632,1.6
Final,2015,79154,4.2
16th,2011,74473,4.8
Semi Final,1995,21665,1.6
Semi Final,1993,56003,6.9
32nd,2003,79200,7.1
32nd,1988,80132,4.4
32nd,2012,27006,7.5
32nd,2002,27899,7.1
Semi Final,2014,53261,2.2
32nd,1993,60267,9.9
16th,2004,29983,6.9
Quarter Final,1993,77271,9.8
Quarter Final,1992,34747,9.9
Quarter Final,1997,28084,8.1
32nd,2013,82635,8.0
Final,2003,20732,8.4
Semi Final,2013,42919,8.1
Semi Final,2004,45092,5.9
16th,1996,45042,6.0
32nd,1982,27578,5.3
Semi Final,2002,43143,2.0
Semi Final,2008,55574,2.6
16th,1984,33830,6.4
16th,1998,21788,5.7
32nd,2004,79093,4.2
16th,1982,34874,5.0
Semi Final,2000,70071,4.5
16th,1994,80867,6.2
Final,1984,42647,5.6
Final,1993,71029,7.3
16th,1983,65727,3.9
16th,2008,37461,8.0
Final,1996,54362,5.7
Final,2014,36541,7.1
32nd,1986,76557,8.7
Final,2013,46969,8.5
Final,2011,54124,1.7
32nd,1997,26806,3.0
Semi Final,1982,25432,1.6
Final,2005,27141,3.6
Semi Final,1985,80007,8.0
16th,1996,89701,5.2
32nd,2004,27946,8.6
32nd,1984,56857,3.3
32nd,1987,67656,6.0
32nd,1983,74085,1.5
Quarter Final,2001,69350,4.6
32nd,2010,29960,9.9
32nd,2011,21414,4.2
16th,2014,49389,9.9
16th,1999,73549,2.0
Semi Final,1984,39383,8.4
16th,2002,28694,9.3
32nd,1980,87777,9.0
Final,2005,61738,9.3
16th,1988,31979,2.6
16th,1984,47427,9.5
16th,1985,31293,5.9
32nd,1991,26424,7.2
Final,1991,44420,4.2
Quarter Final,1997,49015,4.1
16th,1980,21942,8.4
Quarter Final,1992,26070,9.8
16th,2006,85743,1.8
32nd,1997,88103,8.3
Final,1995,58637,7.5
32nd,2006,56795,3.6
Final,1982,76006,6.7
Final,1986,47512,9.1
16th,1987,69721,5.9
32nd,1994,38662,8.9
16th,1991,61117,9.2
32nd,2011,80932,2.1
Semi Final,1995,89938,7.6
32nd,1988,55712,6.3
32nd,1982,80166,6.4
32nd,1994,73924,7.6
Final,1997,36328,4.2
32nd,1998,39358,7.3
32nd,1990,76041,1.3
Semi Final,1983,31240,6.5
32nd,1980,58418,7.1
16th,1994,77554,3.8
Final,2002,26767,6.7
32nd,1984,30071,2.8
16th,2013,80798,7.9
Semi Final,1989,67049,8.3
Semi Final,1998,36905,8.8
Semi Final,1983,45618,9.2
Quarter Final,2013,27112,9.3
Quarter Final,1985,59088,1.4
32nd,1982,63112,7.6
Semi Final,2010,82021,2.3
Semi Final,1997,45748,1.5
Final,2008,50854,2.3
16th,2001,77490,8.2
Semi Final,1982,86917,6.2
32nd,2010,73777,2.5
Quarter Final,1989,76926,10.0
32nd,2006,33581,7.2
Final,1983,76860,2.1
Final,2003,88648,6.7
Quarter Final,2002,52412,4.7
Quarter Final,2011,44119,10.0
Semi Final,1989,88167,3.8
32nd,1980,83184,8.4
16th,1994,25976,2.6
Semi Final,2008,80829,2.1
Final,2012,46430,3.7
32nd,2012,30519,9.5
16th,2002,82647,4.6
Quarter Final,1996,22633,7.9
32nd,1998,63238,2.1
16th,2010,62936,1.9
Semi Final,2013,69631,6.2
32nd,1994,33208,9.9
Quarter Final,1991,71604,1.3
Semi Final,1984,75859,4.7
16th,2009,28899,8.7
Semi Final,1985,32115,4.7
Quarter Final,1984,37886,1.6
Semi Final,1984,39037,4.4
Semi Final,2008,40213,9.6
32nd,1997,31895,6.7
Final,1996,47894,8.0
32nd,1980,22843,6.8
32nd,1985,28794,5.8
Quarter Final,2012,60842,3.6
32nd,1994,26754,5.5
32nd,2004,49555,7.9
16th,2007,50468,2.1
Semi Final,2006,46997,6.4
Quarter Final,1982,58410,3.1
Quarter Final,1990,30451,8.9
32nd,1985,53787,5.9
16th,2000,47310,6.8
16th,1981,57804,5.0
Final,1987,36314,7.2
Quarter Final,2004,24471,5.0
Final,1991,39539,10.0
16th,1986,71601,10.0
16th,2000,48359,3.9
16th,1997,29286,3.2
32nd,2007,32316,5.7
16th,1993,34972,9.1
32nd,1980,60358,3.1
32nd,2015,67635,6.0
32nd,2003,25996,9.5
16th,2002,28145,6.7
Quarter Final,2012,55849,2.3
Final,2003,65538,9.3
Semi Final,2011,71600,9.1
16th,1994,52532,2.8
Final,1988,62362,4.5
Final,2002,32495,7.1
Quarter Final,1991,86004,1.1
Quarter Final,2014,60994,3.2
16th,1984,38084,8.5
32nd,1989,75225,3.4
16th,2010,87146,6.9
Quarter Final,2006,25498,9.0
16th,2008,54962,8.0
16th,2001,52150,9.3
Semi Final,1992,41257,7.7
Semi Final,2010,56419,2.3
16th,2012,52769,9.4
Quarter Final,2009,71768,1.7
Quarter Final,2006,86049,4.4
Quarter Final,2009,24007,7.9
Semi Final,1998,57636,4.3
Quarter Final,1998,22685,5.5
32nd,1989,46469,6.1
Semi Final,2013,30527,4.9
32nd,2012,41959,2.6
Semi Final,1981,82425,3.7
Semi Final,1997,58957,6.0
Semi Final,1990,89530,8.2
Semi Final,1999,65452,4.7
32nd,2010,21645,6.8
Semi Final,1993,51863,4.8
16th,2013,21902,3.3
Final,1994,46573,5.7
Quarter Final,1992,66758,4.1
32nd,1990,40637,2.8
16th,1994,82554,8.1
Quarter Final,2013,42243,7.1
Final,2008,31408,2.5
Quarter Final,1996,48327,2.3
32nd,2000,38873,4.2
Semi Final,1985,61330,9.2
Semi Final,1982,64059,8.3
Semi Final,1997,28692,2.7
32nd,2008,23702,9.2
Quarter Final,1985,20613,4.2
16th,1981,36754,1.8
16th,1996,37211,2.8
Quarter Final,1985,57213,5.8
Quarter Final,2006,36103,8.7
16th,2009,28929,8.0
32nd,1995,30057,6.5
16th,2008,86985,6.0
32nd,2004,46081,9.7
32nd,1995,70155,4.8
Semi Final,1985,44630,7.3
Quarter Final,2002,25807,3.5
Quarter Final,1994,38024,5.0
32nd,2009,71095,3.5
32nd,1991,58868,3.1
Final,2015,48013,3.2
32nd,1981,61147,5.8
32nd,2014,23628,6.4
Quarter Final,1981,49269,4.3
32nd,1993,21465,7.9
Final,2004,63605,3.4
Semi Final,1988,65324,5.6
16th,1983,38265,4.8
Semi Final,1996,34764,2.9
Quarter Final,1985,74518,7.5
Final,2006,67529,6.5
Quarter Final,1996,43428,7.3
16th,1995,59747,3.0
Semi Final,2001,22606,6.2
Semi Final,2010,86666,2.6
Quarter Final,2002,87828,7.0
Quarter Final,1985,40056,7.8
32nd,1983,32467,7.7
Final,1987,29035,5.3
32nd,1997,36221,9.0
32nd,2008,68110,3.2
Semi Final,1999,55670,1.9
Semi Final,2004,83770,4.9
Semi Final,2009,70090,9.2
Quarter Final,1993,84309,4.7
16th,1985,71963,5.3
Quarter Final,1986,31382,8.0
Quarter Final,2004,54535,4.3
32nd,1998,45620,8.8
32nd,1993,83939,1.3
16th,2009,39137,7.4
Quarter Final,1998,30031,3.7
Semi Final,2009,80529,1.3
16th,2004,24271,2.9
16th,1999,81804,7.2
Final,1996,84419,6.6
Semi Final,2000,78723,5.2
Quarter Final,1990,89608,1.2
32nd,2014,40848,6.6
Semi Final,2006,53503,7.4
32nd,1996,44592,7.9
16th,1981,26104,4.5
16th,2015,64116,7.5
32nd,2013,58781,2.8
Quarter Final,2006,22794,6.6
Quarter Final,1984,30895,4.2
32nd,2000,55748,1.0
16th,1982,72850,3.3
16th,2007,55393,9.3
Semi Final,2005,42604,8.0
32nd,2013,58244,4.9
32nd,1984,86881,4.5
Final,1981,74211,3.2
Final,1987,35071,1.3
32nd,2008,72852,9.9
16th,2001,75022,5.1
Final,1981,81356,3.1
Quarter Final,1992,44121,6.9
16th,1986,20054,7.6
Final,1982,34462,7.1
Semi Final,1996,71531,1.9
32nd,1983,30215,8.5
16th,1983,67346,1.6
16th,2003,31520,2.9
Final,2010,57230,8.0
16th,1986,50602,1.9
16th,1992,34357,2.9
Semi Final,1995,50969,8.6
16th,1998,62588,1.3
Semi Final,2001,32199,10.0
16th,2004,53069,9.7
Quarter Final,1993,45474,5.3
32nd,2015,65362,8.8
Final,1987,73822,5.5
Semi Final,1999,58345,4.7
Final,1997,86424,5.0
Final,2014,70754,8.1
16th,1980,65827,6.0
16th,2005,47416,8.8
32nd,1991,32366,8.3
Semi Final,1985,32892,6.9
32nd,1996,23425,1.7
Quarter Final,2008,39894,3.4
Semi Final,1989,62311,2.8
Semi Final,1988,45891,9.6
Semi Final,1984,67808,7.0
Semi Final,1997,27075,9.5
Final,1980,83835,4.0
Quarter Final,1990,45655,6.4
Quarter Final,2009,64138,8.7
32nd,2000,54523,6.3
16th,1994,50674,2.7
Semi Final,2013,30594,9.8
32nd,1985,52766,2.2
32nd,2003,89081,9.9
16th,1998,73257,1.5
Quarter Final,2006,57482,4.7
Quarter Final,2008,81172,9.6
Quarter Final,2001,61640,8.4
Quarter Final,1991,39793,7.8
32nd,2015,52374,9.7
Final,2001,42476,2.5
32nd,2000,50494,8.2
Final,2007,88753,6.0
Semi Final,1983,60783,8.3
Quarter Final,2015,53319,2.6
Final,1987,24239,9.6
16th,1986,34055,5.7
Semi Final,2014,57050,9.1
Final,1995,29801,7.2
Semi Final,2015,74911,7.9
Quarter Final,2007,42737,2.6
Final,2005,46767,6.1
Final,1990,37285,1.4
Semi Final,1981,59500,1.6
Semi Final,1985,66977,9.2
Final,2006,29525,2.6
Semi Final,1996,27762,9.9
16th,1984,89195,7.1
Quarter Final,1997,64204,9.5
Quarter Final,2014,29724,3.3
16th,1992,33412,8.4
16th,1990,46476,4.9
Semi Final,2010,89688,1.1
16th,2010,27549,4.8
Final,2004,21622,4.8
Quarter Final,2009,81397,7.6
Quarter Final,1998,77690,8.9
Semi Final,2000,76693,8.5
Semi Final,1981,31688,9.5
32nd,1980,40158,1.4
32nd,1989,31756,8.9
Quarter Final,1999,65510,1.8
16th,2000,37142,6.5
Semi Final,1982,54887,4.1
Final,1993,73867,5.6
Quarter Final,1994,75759,8.2
Final,1996,68621,4.0
Quarter Final,2005,39876,6.8
16th,2001,66656,6.2
Semi Final,1995,45611,1.8
Quarter Final,1999,73018,8.4
32nd,1995,81599,9.8
32nd,1993,59766,2.1
Semi Final,2012,61313,1.5
32nd,2002,42649,8.8
Semi Final,2015,58739,8.7
16th,1998,38064,9.4
Quarter Final,2001,30478,3.7
16th,1987,44668,8.9
16th,2015,60815,2.8
Semi Final,2003,53412,9.7
16th,2011,52846,8.3
32nd,1997,36446,6.5
Final,1980,22910,3.2
Final,2013,21187,5.0
Semi Final,1996,27454,4.7
Final,1980,88117,2.8
32nd,1988,63929,3.1
16th,2001,83558,9.9
Final,1988,76034,4.3
Final,2010,67381,8.3
Final,2001,20600,9.1
Semi Final,2004,89628,9.7
Semi Final,2003,62220,3.5
32nd,1984,76678,2.8
16th,1985,20346,6.8
Semi Final,1990,68258,9.9
16th,2002,70292,2.9
Semi Final,2006,33100,9.4
32nd,2004,28302,6.4
32nd,2008,67271,4.2
Final,1990,26478,5.1
Semi Final,1995,38859,7.8
Final,1996,54675,8.8
32nd,1986,89509,6.6
Semi Final,2004,83021,4.0
32nd,1998,65835,7.7
Final,1995,75857,4.4
Final,2002,24429,2.8
16th,2014,44045,3.2
16th,1991,87627,2.3
Final,2011,25798,2.5
Quarter Final,1999,36096,6.0
Final,2013,67286,4.2
32nd,1999,53156,9.3
Semi Final,2000,50839,5.4
Semi Final,1982,37806,1.1
Quarter Final,1983,76837,1.8
32nd,2003,80935,1.9
Final,2007,24001,7.2
Quarter Final,2005,69739,1.4
32nd,2010,81807,9.6
Final,2002,64848,4.9
32nd,1991,73426,5.7
Semi Final,2010,47255,1.3
32nd,1983,88307,2.0
Semi Final,1980,71927,2.6
Quarter Final,1989,49178,2.6
Semi Final,1996,23970,2.8
32nd,2005,65738,2.6
Final,1986,73166,2.3
32nd,1996,40686,7.6
16th,2010,64312,3.7
Semi Final,2005,77579,10.0
32nd,2007,46515,5.1
Quarter Final,1992,52040,4.8
Quarter Final,1982,71975,5.5
Final,2000,31681,7.3
32nd,2007,42728,7.0
Semi Final,2006,63333,1.2
Final,1995,65917,4.4
32nd,2010,37116,6.0
16th,1989,53050,2.6
32nd,1992,28620,9.5
Quarter Final,1988,48770,8.5
16th,1990,44671,8.2
32nd,2014,69881,8.1
Quarter Final,2005,46478,6.8
16th,2007,20720,8.7
16th,1992,61881,3.3
Semi Final,2015,32691,9.0
Quarter Final,1994,21690,4.6
Quarter Final,1999,36379,7.3
32nd,2014,26633,3.6
Final,1984,39159,2.8
Semi Final,2009,28303,4.3
16th,1981,86829,6.9
16th,1980,57048,7.6
Final,2009,38610,3.7
Quarter Final,2000,65376,6.4
Final,2004,65738,7.8
16th,1980,44964,4.1
Final,2005,49613,4.5
